{
    "_gameModeSaveData": {
        "_maxBotCount": 6,
        "_tanks": [
            {
                "_entityType": 101,
                "_position": {
                    "x": 1.799685001373291,
                    "y": 0.5833333730697632,
                    "z": -3.6170153617858888
                },
                "_rotation": {
                    "x": 0.0,
                    "y": -0.21830075979232789,
                    "z": 0.0,
                    "w": 0.9758815765380859
                }
            },
            {
                "_entityType": 100,
                "_position": {
                    "x": 5.296929836273193,
                    "y": 0.5833333730697632,
                    "z": 3.756542205810547
                },
                "_rotation": {
                    "x": 0.0,
                    "y": 0.7290789484977722,
                    "z": 0.0,
                    "w": 0.6844295859336853
                }
            },
            {
                "_entityType": 100,
                "_position": {
                    "x": 6.01139497756958,
                    "y": 0.5833333730697632,
                    "z": 4.156322479248047
                },
                "_rotation": {
                    "x": 0.0,
                    "y": -0.6153950095176697,
                    "z": 0.0,
                    "w": -0.7882189154624939
                }
            }
        ]
    }
}